codigo;descripcion;categoria
000100;ELEM MEDICO A CODIFICAR;Sin clasificar
000200;ELEMENTO DENEGADO;Sin clasificar
010000;NEUROQUIRURGICAS;Sin clasificar
010100;CLIPS P/ANEURISMA;Neurocirugía
010101;CLIPS P/ANEURISMA CER.TRANS/DEF T.MODEL;Neurocirugía
010200;VALVULAS DE TITANIO PARA HIDROCEFALIA;Neurología
010202;DRENAJE EXTERNO VENTRICULAR C/SIST.ANTI;CX General
010203;SISTEMA P/PLASTICA CRANEAL C/CEMENTO;Neurología
010204;SISTEMA NEURO ESTIMULADOR IMPLANTABLE;Neurología
010208;SISTEMA DRENAJE VENTRIC C/CAT EN ANTIB.;Neurología
010209;DRENAJE VENTRIC EXT C/CAT VENTR GRADUAD;Neurología
010215;GRAMPAS PARA CRANEOPLASTIA NAC.;Neurología
010216;GRAMPAS PARA CRANEOPLASTIA IMP.;Neurología
010218;VALVULAS DE DERIVACION VENTRICULO PERITONEAL (DVP);CX General
010219;ALQUILER MARCO ESTEREOTAXICO;Neurocirugía
010220;ALQUILER DE INSTRUMENTAL QIRÚRGICO;CX General
010221;VALVULA P/ HIDROCEFALIA PRESION FIJA BAJA MEDIA AL;Neurología
010222;VALVULA PARA HIDROCEFALIA AUTORREGULABLE;Neurología
010223;VALVULA PARA HIDROCEFALIA REGULABLE EXTERNA;Neurología
010300;TRAQUEOFLEX/CANULA TRAQUEOSTOMIA;CX General
010400;FIBRA OPTICA;Sin clasificar
010401;SET DE PRESION INTRACRANEANA IMP;Neurología
010402;FIBRA DE PIC PARA MEDICION INTRAPARENQUIMATOSA IMP;Neurología
010403;FIBRA DE PIC PARA MEDICION INTRAVENTRICULAR IMP;Neurología
010500;MALLA DE TITANIO PARA CRANEOPLASTIA;Neurología
010501;CASCO ORTOPEDICO;Ortopedia y Movilidad
010600;PARCHE DE DURAMADRE;Neurología
010601;PARCHE DE DURAMADRE 7,5 X 7,5 APROX MP;Neurología
010602;PARCHE DE DURAMADRE 10 X 10 APROX IMP;Neurología
010603;PARCHE DE DURAMADRE 10 X 15 APROX IMP;Neurología
010604;PARCHE DURAMADRE DE 5 X 5 APROX. NAC.;Neurología
010605;PARCHE DURAMADRE DE 5 X 5 APROX. IMP.;Neurología
010606;PARCHE DURA MADRE MEDIANO (HASTA 10X10) NAC;Neurología
010607;PARCHE DURA MADRE GRANDE (MAYOR 10X10) NAC;Neurología
010700;OSTEOSET C/INST Y SET COL A PRESTAMO;Osteosíntesis
011100;COLAGENO REABSOR (DYRAGEN);Neurología
011200;DISTRACTOR PARA CRANEOESTENOSIS;Neurología
011201;DISTRACTOR INTRAORAL MAXILAR SUPERIOR TODAS LAS ME;Osteosíntesis
011202;DISTRACTOR INTRAORAL MAXILAR INFERIOR TODAS LAS ME;Osteosíntesis
011203;DISTRACTOR PALATINO TODAS LAS MEDIDAS;Osteosíntesis
011600;CIERRE PARA CRANEOSPLATIA DE TITANIO IMP;Neurología
011601;CIERRE PARA CRANEOPLASTIA DE PEEK;Neurología
011602;CIERRE P/CRANEOPLASTIA DE TITANIO (H 3 PLACAS) NAC;Neurología
011603;CIERRE P/CRANEOPLASTIA DE TITANIO (H 3 PLACAS) IMP;Neurología
011800;SET DE CRANEOSTOMIA BIODEG PEDIATRICO;Neurología
011801;PROTESIS DE CIERRE DE SILLA TURCA;Neurología
011802;HALO CEFALICO CON CHALECO;Neurología
011803;SISTEMA DE TRACCION HALO SILLA - HALO CAMA;Neurología
020100;PROTESIS OCULARES;Oftalmología
020101;PROTESIS OCULAR OJO IZQUIERDO;Oftalmología
020102;PROTESIS OCULAR OJO DERECHO;Oftalmología
020200;SUTURAS OCULARES;Oftalmología
020201;SUTURA REABSORBIBLE DE ACIDO POLIGLICOLICO O POLIG;Oftalmología
020202;SUTURA NO REABSORBIBLE DE SEDA DE DISTINTOS DIAMET;Oftalmología
020203;SUTURA NO REABSORBIBLE DE NYLON DE DISTINTOS DIAME;Oftalmología
020300;BANDAS DE SILICONAS;Oftalmología
020301;PERFLUOROCARBONO 100% FLUORADO LIQUIDO (VIAL) PARA;Oftalmología
020302;AMPOLLAS DE ACEITE DE SILICONA;Oftalmología
020303;ESPONJA DE SILICONA (3X5 MM Y OTRAS MEDIDAS) PARA;Oftalmología
020400;LENTE INTRAOCULAR Y ELEMENTOS;Oftalmología
020401;L.I.O. OJO DERECHO Y ELEMENTOS;Oftalmología
020402;L.I.O. OJO IZQUIERDO Y ELEMENTOS;Oftalmología
020403;LENTE INTRAOCULAR OJO DERECHO;Oftalmología
020404;LENTE INTRAOCULAR OJO IZQUIERDO;Oftalmología
020405;L.I.O OD MONOFOCAL ACRILICO HIDROFILICO;Oftalmología
020406;L.I.O OI MONOFOCAL ACRILICO HIDROFILICO;Oftalmología
020500;SUSTANCIA VISCOELASTICA;Oftalmología
020701;LENTE P/VISION SUBNORMAL;Oftalmología
020704;INSUMOS DE CIRUGÍAS DE CATARATAS;Oftalmología
020718;DISPOSITIVO DE COMUNICACION CON VISUAL;Sin clasificar
020719;DISPOSITIVO MAGNIFICADOR PARA BAJA VISIÓN;Oftalmología
021101;SET TUBULADURA P/VITRECTOMIA;Oftalmología
021200;SET DE INTUBACION BICANALICULAR;CX General
021201;LENTE TERAUPEUTICO;Oftalmología
021202;VALVULA DE AMHED;Oftalmología
021203;SET DE TUBULADURA;Oftalmología
021204;OCLUSOR O TAPON LAGRIMAL DE SILICONA TIPO PUNCTUM;Oftalmología
021205;OCLUSOR LAGRIMAL TIPO PAINLESS PUG;Oftalmología
021300;CASCARILLA;Oftalmología
021400;TREPANO DONANTE Y RECEPTOR;Oftalmología
021401;TRÉPANO DE CÓRNEA DONANTE;Oftalmología
021402;TRÉPANO DE CÓRNEA RECEPTOR;Oftalmología
021500;ANILLOS INTRACORNEALES;Oftalmología
030001;VALVULA DE FONACION (MARCAS/MODELOS);CX General
030003;OXIMETRO PULSO PORTATIL CON/SIN ALARMA;CX General
030004;OXIMETRO DE PULSO FIJO (CON MONITOR NEONATAL, PEDI;CX General
030005;ASPIRADOR DE SECRECIONES PORTATIL;CX General
030006;ASPIRADOR DE SECRECIONES FIJO (A PISTON);CX General
030007;NEBULIZADOR PARA TRAQUEOSTOMIA;CX General
030008;NEBULIZADOR FIJO;CX General
030009;NEBULIZADOR DEVILBISS (TODOS LOS MODELOS);CX General
030100;AUDIFONOS;Audiología
030101;AUDIFONOS AMBOS OIDOS;Audiología
030102;AUDIFONO OIDO DERECHO;Audiología
030103;AUDIFONO OIDO IZQUIERDO;Audiología
030104;AUDIFONO B.A.H.A. CON VINCHA;Audiología
030110;PILAS DE AUDÍFONOS;Audiología
030111;PASTILLAS DESHUMIDIFICADORAS PARA AUDÍFONOS;Audiología
030112;ACCESORIO PARA AUDIFONO;Audiología
030200;DIABOLOS Y TUBOS DE VENT.P/OIDO MEDIO;CX General
030201;VALVULA VENTIL OTICA(DIABOLO)SILIC/FLUO;CX General
030300;PROTESIS PARA OIDO MEDIO;Audiología
030400;EQUIPO IMPLANTE COCLEAR;Audiología
030401;CALIBRACION DEL IMP.COCLEAR;Audiología
030402;PILAS P/IMPLANTE COCLEAR/PASTILLA DESHU;CX General
030403;REPARACION IMPLANTE COCLEAR;Audiología
030404;CABLE PARA IMPLANTE COCLEAR;Audiología
030407;PASTILLAS DESHUMIFICADORAS;Audiología
030408;ACCESORIOS PARA IMPLANTE COCLEAR;Audiología
030409;BATERIAS PARA IMPLANTE COCLEAR;Audiología
030410;BOBINA PARA IMPLANTE COCLEAR;Audiología
030411;FILTROS PARA MICROFONOS (IMPLANTE COCLEAR);Audiología
030500;NEBULIZADOR Y ASPIRADOR;CX General
030600;PROTESIS AURICULAR;CX General
030700;LARINGOFONO;CX General
030800;FILTROS PARA LARINGUECTOMIZADOS;CX General
030900;SET TRAQUEOSTOMIA;CX General
030901;SET DE TRAQUEOSTOMIA PERCUTANEA;CX General
031100;SONDA PARA ASPIRACION DE TRAQUEOTOMIA;CX General
031101;FILTRO PARA TRAQUEOTOMIA;CX General
031106;TUBO EN T DE MONTGOMERY;CX General
031200;REPARACION DE AUDIFONO;Audiología
031300;CHALECO VIBRATORIO;CX General
040108;PERNO MUÑON SIMPLE;CX General
050101;TUBO ENDOTRAQUEAL SELECTIVO;CX General
060120;COMPRAS - PROTESIS MAMARIA TERMOCONFORMADA EXTERNA;CX General
060200;PROTESIS MAMARIA SILICONADA INTERNA;CX General
060201;PROTESIS MAMARIA SILICONADA INTERNA REDONDA LISA;CX General
060300;PROT EXTERNA RELLENO CORP SILICONADA;CX General
060301;B.E.AUDIFONO O.D.;Audiología
060302;B.E.AUDIFONO O.I;Audiología
060303;B.E.AUDIFONO B.A.H.A. CON VINCHA;Audiología
060400;EXPANSOR MAMARIO Y OTROS;CX General
070100;MARCAPASO DEFINITIVO;Cardiología
070101;MARCAPASO DEFINITIVO VVI C/CATETERES;Cardiología
070102;CATETER ELECTRODO ENDOCAV VVI/DDD/VDD/CDI/OTRO;Cardiología
070103;MARCAPASOS DEFINIT. VVIR C/CATETERES;Cardiología
070104;MARCAPASOS DDD C/CATET. AURIC. FIJ. ACT;Cardiología
070105;MARCAPASOS DDDR C/CAT. VENT/AUR FIJ ACT;Cardiología
070106;MARCAPASOS VDDR MONOCATETER CUADRIPOLAR;Cardiología
070108;INTRODUCTOR PEEL AWAY;Cardiología
070113;MARCAPASO MULTIPROG BICAM DDDR PROG FRE;Cardiología
070116;CATETER EPICARDICO PARA MPD;Cardiología
070117;CATETER P/SENO CORONARIO (P/RESINCRON);Cardiología
070201;PROTESIS VALV. CARD. MECAN. BIVALVA;Cardiología
070205;ANILLO PARA VALVULOPLASTIA;Cardiología
070206;VALVULOTOMO;Cardiología
070207;VALVULA MEC POSICION AORTICA T/MEDIDAS;Cardiología
070208;VALVULA MEC POSICION MITRAL T/MEDIDAS;Cardiología
070209;VALVULA BIOL POSICION AORTICA T/MEDIDAS;Cardiología
070210;VALVULA BIOL POSICION MITRAL T/MEDIDAS;Cardiología
070211;TUBO VALVULADO AORTICO EN T/MEDIDAS;Cardiología
070213;VALVULA AORT IMPLANTE TRANSCATETER TAVI;Cardiología
070300;PROTESIS VASCULAR;Cardiología
070400;PROTESIS ARTERIALES;Cardiología
070403;PROT.ART.DACRON KNITTED REC. 6/8/10X60;Cardiología
070405;PROT.ART.DACRON WOVEN BIFURCADAS TOD ME;Cardiología
070406;PROT.ART.DACRON KNITTED BIFURC. TOD MED;Cardiología
070407;PROT.ART.DACRON REC.POROS.0 PREC 6/8/10;Cardiología
070408;PROT.ART.DACRON REC.POROS.0 PREC 12/30;Cardiología
070409;PROT.ART.DACRON BIFURC.POR. 0 PREC. T.M;Cardiología
070416;PROT. ART.DACRON WOVEN REC. 6/8/10 X70;Cardiología
070417;PROT.ART.DACRON KNITTED REC 6/8/10 X70;Cardiología
070425;PROTESIS ART PTFE REC. ANILLADA 6 X 45;Cardiología
070426;PROTESIS ART PTFE REC. ANILLADA 6 X 70;Cardiología
070427;PROTESIS ART PTFE REC. ANILLADA 6 X 80;Cardiología
070503;FILTRO DE PROTECCION DISTAL/CEREBRAL;Cardiología
070504;FILTRO VENA CAVA C/INTROD YUG.Y FEMORAL;Cardiología
070505;FILTRO DE VENA CAVA INFERIOR FIJO O NO REMOVIBLE C;Cardiología
070506;FILTRO DE VENA CAVA INFERIOR REMOVIBLE CON SET DE;Cardiología
070507;SISTEMA DE EXTRACCION DE FILTRO DE VENA CAVA INFER;Cardiología
070600;HEMOCLIPS;CX General
070700;CLIPS - LIGACLIPS;CX General
070801;SISTEMA CIERRE PERCUTANEO VASCULAR EN T.A.V.I.;Cardiología
070802;SISTEMA DE CIERRE VASCULAR (SUTURA POLIPROPILENO Y;Cardiología
070900;CATETER BALON PARA VALVULOPLASTIA;Cardiología
070901;CATETER BALON PARA CONTRAPULSACION INTRA AORTICA C;Cardiología
071000;CATETER BALON P/ANGIOPLASTIA CORONARIA;Cardiología
071300;CATETERES;Cardiología
071301;PORT A CATH;Cardiología
071303;CATETER SEMI-IMPLANTABLE TIPO HICKMAN O BROVIAC P;Cardiología
071304;CATETER VENOSOS CENTRALES DE INSERCION PERIFERICA;Cardiología
071305;CATETER BALON DE OCLUSION PARA MALFORMACIONES;Cardiología
071306;CATETER BALON DE OCLUSION PARA ANEURISMA CEREBRAL;Cardiología
071307;CATETER PARA TROMBECTOMIA;Cardiología
071308;CATETER BALON SIN DROGA P ANGIOPLASTIA ART INFRAPA;Cardiología
071309;BIOTOMO PARA BIOPSIA ENDOMIOCADICA;Cardiología
071310;CATETER PARA EMBOLECTOMIA ARTERIAL PERISFERICA;Cardiología
071311;CATETER VENOSOS CENTRALES DE INSERCION DOBLE LUMEN;CX General
071400;TUBULADURAS;Oxigenoterapia
071401;CONECTORES PARA TUBULADURAS;Oxigenoterapia
071402;SONDAS PARA ASPIRACION;Oxigenoterapia
071403;SONDAS PARA ASPIRACION;Oxigenoterapia
071600;CANULAS AORTICAS;Cardiología
071700;CANULAS VENOSAS;Cardiología
071701;PARCHE;Sin clasificar
071900;VENDAS Y MEDIAS ELASTICAS;Ortopedia y Movilidad
072000;STENT CORONARIO;Cardiología
072002;STENT PERIFERICOS;Cardiología
072005;STENT CORONARIO CONV ACERO T/MEDIDAS;Cardiología
072007;STENT CORONARIO C/LIBER DROGA T/MEDIDA;Cardiología
072008;STENT PERIFERICO EXPANDIBLE POR BALON;Cardiología
072009;STENT PERIFERICO AUTOEXPANDIBLE;Cardiología
072010;STENT INTRACRANEANO EXPANDIBLE P/BALON;Cardiología
072011;STENT INTRACRANEANO AUTOEXPANDIBLE;Cardiología
072013;STENT PREF CAROTIDEO AUTOEXPANDIBLE;Cardiología
072014;STENT CAROT AUTOEXP NITINOL C/FIL.PROT.;Cardiología
072017;SHUNT CAROTIDEO;Cardiología
072019;BALON LIBERADOR DROGA P/ANGIOPLAS MMII;Cardiología
072020;ENDOPROT DIVERSORA FLUJO P/ANEUR CEREB;Cardiología
072021;STENT CUBIERTO P ANEURISMA ART PERI AUTOEXPANDIBLE;Cardiología
072022;STENT VENOSO;Cardiología
072023;BALONES;Cardiología
072024;BALON LIBERADOR DROGA PARA ANGIOPLASTIA CORONARIA;Cardiología
072025;STENT FORRADO P ANEURISMA ART. PERIFERICO BALON EX;Cardiología
072026;SIST MAPEO C CAT ABLACION IRR P RADIOFREC. C PARCH;Cardiología
072027;SIST CRIO ABLA VENAS PUL (CAT BAL CON INTR CONSOLA;Cardiología
072028;SIST CRIO ABL FOCAL (CAT -CON-INTRODUCT.-CONSOLA);Cardiología
072102;CARDIODESF UNICAM VVI C/CAT ELEC ENDOC;Cardiología
072103;CARDIODESF BICAM DDD C/CAT ELEC ENDOCAV;Cardiología
072105;CARDIODESFIBRILADOR UNICAM VVI;Cardiología
072107;CARDIODESF C/CAP DE RESINCRONIZ C/CAT;Cardiología
072108;VAINA Y ESTILETE PARA EXTRACCION DE CATETER ELECTR;Cardiología
072109;SET PUNCION TRANS ABLAC ARRIT AGUJA PUN;Cardiología
072110;SET PUNCION TRANSEPTAL PARA ABLACION DE ARRITMIAS;Cardiología
072300;SET P /VARICES ESOFAGICA;Cardiología
072500;OTROS STENT;Cardiología
072503;DISPOSITIVO OCLUSOR PARA CIERRE DE CIA;Cardiología
072504;DISPOSITIVO OCLUSOR PARA CIERRE DE DUCTUS ARTERIOS;Cardiología
072505;DISPOSITIVO OCLUSOR PARA CIERRE DE COMUNICACION IN;Cardiología
072506;DISPOSITIVO OCLUSOR PARA OREJUELA IZQUIERDA EN TOD;Cardiología
072600;ENDOPROTESIS;Cardiología
072602;ENDOP EXCL AORT ABDO MONO C/FIJ SUPRA;Cardiología
072603;ENDOP EXCL AORT TORACICA T/MED;Cardiología
072604;ENDOP EXCL AORT ABDO BIF S/EX ILI C/FS;Cardiología
072605;ENDOP EXCL AORT ABDO BIF C/EX ILI C/FS;Cardiología
072606;EXTENSIONES DE ENDOPROTESIS UNI-ILIACA;Cardiología
072608;DISPOSITIVO OCLUSOR VASCULAR ARTERIAL;Cardiología
072609;COILS P/EMBOLIZACION ART PERIF T/MED;Cardiología
072610;ENDOP EXCL AORT ABDO CON/FIJ SUPRA;Cardiología
072611;ENDOP EXCL AORT ABDO SIN/FIJ SUPRA;Cardiología
072612;ENDOP EXCL AORT ABDO MONO S/FIJ SUPRA;Cardiología
072613;ENDOP EXCL AORT ABDO BIF S/EX ILI S/FS;Cardiología
072614;ENDOP EXCL AORT ABDO BIF C/EX ILI S/FS;Cardiología
072701;RESINCRONIZADOR C/CATETER ELECTRODO;Cardiología
072800;PARTICULAS EMBOLIZACION;Cardiología
072801;PARTICULAS DE EMBOLIZACION (ESFERAS) QUIMIOEMBOLI;Cardiología
072802;AGENTES EMBOLIZANTES;Cardiología
072900;PARCHES;Cardiología
072901;PARCHE DE TEFLON;Cardiología
072902;PARCHE DE PTFE;Cardiología
072903;PARCHE DE DACRON;Cardiología
072905;CEMENTO BIOLOGICO;Cardiología
072906;PARCHE PTFE CAROTIDA MED 1X9X0,5;Cardiología
072907;PARCHE PTFE CARDIOVASCULAR 5X7,5X0,5;Cardiología
072908;PARCHE DE PERICARDIO BOVINO;Cardiología
080100;PROTESIS DE ESOFAGO;CX General
080201;MALLA DE POLIPROPILENO DE 8 X 13 IMP;CX General
080202;MALLA DE POLIPROPILENO DE 7 X 12;CX General
080204;MALLA DE POLIPROPILENO DE 15 X 15 IMP;CX General
080206;MALLA DE POLIPROPILENO DE 30 X 30 IMP;CX General
080210;MALLA P/EVENT.CONTACTO/VISCERAS MED;CX General
080211;MALLA P/EVENT.CONTACTO/VISCERAS GRANDE;CX General
080212;MALLA DE POLIPROPILENO DE 20 X 30 IMP;CX General
080213;MALLA DE POLIPROPILENO DE 15 X 15 NAC;CX General
080214;MALLA DE POLIPROPILENO 30 X 30 NAC;CX General
080300;MALLA GOROTEX O PTFE;CX General
080400;SUTURA MECANICA;CX General
080401;SUTURA MECANICA CIRCULAR;CX General
080404;SUTURA MECANICA LINEAL CORTANTE;CX General
080405;SURGI CLIPS;CX General
080407;CARTUCHO PARA SUTURA LINEAL CORTANTE;CX General
080409;SUTURA MEC. LIN CURVA CORTA(DIF. MED);CX General
080410;ENDOSUTURA LINEAL (DIF. MEDIDAS);CX General
080412;CARTUCHOS ENDOSUTURA LINEAL;CX General
080413;CARTUCHO PARA SUTURA LIN CURVA CORTANTE;CX General
080415;CLIPS PARA LIGADURA ENDOSCOPICA ALTA O BAJA;CX General
080500;BOTON PARA GASTROTOMIA ALIMENTACION;CX General
080501;SET DE GASTROTOMIA;CX General
080502;BOTON DE GASTROSTOMIA CON O SIN BALON;CX General
080503;B.GAST SILASTIC C/BAL INT FIJ(DIF. MED);CX General
080504;SET DE GASTROSTOMIA ENDOSCOPICO;CX General
080505;SET GASTASTROST. ENDOSC. PERCUT. C/SET INTROD.;CX General
080506;SET DE GRASTROYEYMOSTOMIA;CX General
080507;SET LIGAD ENDOS.VARICEAL MULTIB (6 B.);CX General
080508;CONECT Y PROLON NUT.ENTERAL X B GASTRIC;CX General
080601;BOLSAS DE COLOSTOMIA;CX General
080602;BOLSAS DE ILEOSTOMIA;CX General
080603;BOLSAS DE UROSTOMIA;CX General
080802;SET DE GASTROSTOMIA RADIOLOGICA;CX General
080900;CANASTA DE DORMIA;CX General
080901;PINZA DESC/HOT BIOPSY;CX General
081100;ANILLO BIOFRAGMENTABLE;CX General
081200;SET BANDAS P/VARICES;CX General
081201;KIT DE MUCOSECTOMIA CON CLIP;CX General
081202;KIT DE MUCOSECTOMIA SIN CLIP;CX General
081300;SET DE DRENAJE BILIAR PERCUTANEO;CX General
081301;HILO GUIA;CX General
081302;SET INTRODUCTOR DE DAGOSTINO;CX General
081303;CAT.DRENAJE MULTIP PIG TAIL SKATER 14F;CX General
081304;SET DE DRENAJE MULTIPROPOSITO;CX General
081305;SET BIL.INT/EXT HIDROF 2 2FR SELLINGER;CX General
081306;HILO GUÍA PARA ENDOPRÓTESIS BILIARES;CX General
081400;SET DE DERIVACION ABDOMINAL;CX General
081500;BALON NEUMATICO P/DILATACION ESOFASTICA;CX General
081501;SET BALON NEUMAT DILAT TRANSENDOS CRR;CX General
081502;SET DE BALÓN DILATADOR NEUMÁTICO PERCUTÁNEO;CX General
081503;BALÓN PARA COMPRESIÓN DEL V PAR;CX General
081600;STENT BILIAR;CX General
082000;ENDOPROTESIS BILIAR PLASTICA (TEFLON, POLIURETANO;CX General
082001;ENDOPROTESIS BILIAR METALICO (EN TODAS SUS MEDIDAS;CX General
082002;ENDOPROTESIS-STENT ESOFAGICO (DIFERENTES MEDIDAS);CX General
082003;ENDOPROTESIS BILIAR PLASTICA (TEFLON, POLIURETANO;CX General
082004;ENDOPROTESIS BILIAR METALICO INTRODUCT. PERCUTANEO;CX General
082100;TUBO DE GASTROSTOMIA (EN TODOS SUS DIAMETROS);CX General
090000;SUTURAS;CX General
100100;PROTESIS TESTICULAR;CX General
100101;SUSTANCIA INYECTABLE PARA REFLUJO VESICOURETERAL;CX General
100400;CATETERES VESICALES;CX General
100401;CAT IMPL P/QUIM C/VAL ANTIR C/EXT DISTA;CX General
100402;CAT IMPL T/PORT UNITIZADO TIT E INTROD;CX General
100500;SONDAS VESICALES A PERMANENCIA;Enfermería
100505;SONDA FOLEY 2 VIAS (DIF MED);Enfermería
100517;COMPRAS - SONDA DE FOLEY SILICONADA;Enfermería
100601;COMPRAS - BOLSA COLECTORA DE ORINA 2L;Enfermería
100608;BOLSAS COLECTORAS DE ORINA PARA PIERNA;CX General
100712;COMPRAS - PANAL ADULTO CON GEL (UNIDAD);Enfermería
100713;COMPRAS - PANAL ADULTO ELASTIZADO CON GEL (UNIDAD);Enfermería
100721;COMPRAS - PANAL INFANTIL ELASTIZADO C/ GEL(UNIDAD);Enfermería
100732;COMPRAS - PANAL JUVENIL CON GEL (UNIDAD);Enfermería
100733;COMPRAS - PANAL ELASTIZADO CON GEL (UNIDAD);Enfermería
100800;CHAPEAU (DISPOSITIVO P/INCONTINENCIA);Enfermería
100900;COLAGENO BARD;CX General
101100;BOLSA DE UROSTOMIA;CX General
101200;CATETER URETERAL DOBLE J;CX General
101201;CATETER DOBLE J DE 26 FR X 6 CM;CX General
101202;CATETER DOBLE J 6FR X 2,7-HIDROF G.H.;CX General
101203;CATETER DOB J PUNT AB. C/ALAM G/7FRX28;CX General
101204;CATETER DOBLE JOTA 4.8 PUNTA CERRADA;CX General
101205;CATÉTER DOBLE J GUIA TÉFLON;CX General
101206;CATETER DOBLE J HIDROFIL. Y GUIA DE LARGA DURACION;CX General
101301;SLING URINARIO MASCULINO;CX General
101302;ESFINTER URINARIO ARTIFICIAL;CX General
101303;SLING URINARIO FEMENINO SUPRAPUBICO;CX General
101400;MALLA P/CIRUGIA PROLAPSO ANT O SISTOCEL;CX General
101401;MALLA P/CIRUGIA PROLAPSO POS O RECTOCEL;CX General
101402;MALLA P/CIRUGIA INCONT URIN. FEM SLING;CX General
101403;SET O KIT COMPLETO DE ARPONES PARA COLPOPEXIA VAGI;CX General
110000;DISPOSITIVO INTRAUTERINO;CX General
120000;TRAUMATOLOGIA;Sin clasificar
120100;PEGAMENTO QUIRURGICO;Osteosíntesis
120306;COTILO DE METAL TRABECULAR MULTIPERFORADO PARA REV;Prótesis
120307;SUTURA ALTA RESISTENC NO REABS FIREWIRE;Osteosíntesis
120307;SUTURA DE ALTA RESISTENCIA NO REABSORBIBLE TIPO FI;Osteosíntesis
120308;SUTURA DE ALTA RESISTENCIA NO REABSORBIBLE TIPO FI;Osteosíntesis
120309;SUTURA DE ALTA RESISTENCIA NO REABSORBIBLE IMP.;Osteosíntesis
120400;PROTESIS DE CADERA NO CEMENTADA;Prótesis
120508;PROT TOT CADERA REVISION Y DESCARTABLES;Prótesis
120607;CUÑAS P/PROT. DE REV DIFERENTES TAM.X2;Prótesis
120700;PROTESIS DE OTRAS ARTICULACIONES;Prótesis
120701;PROT. DE OTRAS ARTICULAC. Y DESCARTAB.;Prótesis
120704;METACARPIANO.;Prótesis
120801;OSTEOSINTESIS Y DESCARTABLES;Osteosíntesis
120802;BARRA DE NUSS PARA PECTUS EXCAVATUM;Osteosíntesis
120807;PLACA MALEAB. 1/3 TUBO 3,5MM DIAM C/TOR;Osteosíntesis
120908;TORNILLOS IMF NAC;Osteosíntesis
120909;TORNILLOS IMF IMP;Osteosíntesis
121002;SIST.RECTROESTERNAL P/PETUS;Osteosíntesis
121100;PROTESIS DE AMPUTACION;Ortopedia y Movilidad
121200;PILON DE MARCHA;Ortopedia y Movilidad
121300;MATERIAL P/CIRUG.COLUMNA(SIS.LUQUE/OTR);Neurología
121310;MESH PARA REEMPLAZO DE CUERPO VERTEBRAL;Neurología
121317;CAGE INTERSOMATICO;Neurología
121318;MAT P/CIRUG COLUMNA Y DESCARTABLES;Neurología
121319;CAGE LUMBAR TECNICA TLIF(1 X NIVEL) NAC;Neurología
121320;CAGE LUMBAR TECNICA TLIF(1 X NIVEL) IMP;Neurología
121321;CAGE CERVICAL NAC;Neurología
121322;CAGE CERVICAL IMP;Neurología
121323;CAGE CERVICAL AUTOBLOQ TORN-PIN Y OT N;Neurología
121324;CAGE CERVICAL AUTOBLOQ TORN-PIN Y OT I;Neurología
121325;ARTROPLASTIA DISCO CERVICAL 1 NIV N;Neurología
121326;ARTROPLASTIA DISCO CERVICAL 1 NIV I;Neurología
121327;DOSIS DE HUESO AUTOLOGO DE BANCO EN CHIPS;Osteosíntesis
121328;CABEZA FEMORAL ESTRUCTURADA;Osteosíntesis
121329;INJERTO TRICORTICAL DE CRESTA ILIACA;Osteosíntesis
121330;DOSIS DE SUSTITUTO OSEO;Osteosíntesis
121333;CAGE LUMBAR TITANIO / PEEK NACIONAL;Neurología
121402;SLING URINARIO FEMENINO TOT (TRANSOBTURATRIZ);CX General
121503;TABLA OSEA;Ortopedia y Movilidad
121605;CORSET DE KNIGHT TAYLOR REFORZADO CUTIL;Ortopedia y Movilidad
121606;CORSET DE TAYLOR;Ortopedia y Movilidad
121610;COMPRAS - CORSET ORTOPEDICO BALLENADO;Ortopedia y Movilidad
121611;COMPRAS - FAJA LUMBOSACRA BALLENADA;Ortopedia y Movilidad
121612;COMPRAS - CORSET BALLENADO CON BRETELES;Ortopedia y Movilidad
121616;COMPRAS - CORSET DE KNIGHT-TAYLOR;Ortopedia y Movilidad
121702;CORS. BOSTON S/MEDIDA EN MOLDE DE YESO;Ortopedia y Movilidad
121703;CORSET CRUCIFORME;Ortopedia y Movilidad
121704;CORSET DE JEWETT;Ortopedia y Movilidad
121706;CORSET TLS;Ortopedia y Movilidad
121708;SISTEMA DE COMPRESION DINAMICO TORAXICO;Ortopedia y Movilidad
121709;DESROTADOR;Ortopedia y Movilidad
121730;COMPRAS - CORSET TERMNOCONFORMADO;Ortopedia y Movilidad
121737;COMPRAS - ESPALDERA;Ortopedia y Movilidad
121801;-;Sin clasificar
121810;COMPRAS - COOLAR DE FILADELFIA;Ortopedia y Movilidad
121812;COMPRAS - COLLAR DE SHANZ;Ortopedia y Movilidad
121900;FERULAS PARA LUXACION CONGENITA;Ortopedia y Movilidad
122000;CALZADO ORTOPÉDICO;Ortopedia y Movilidad
122001;CALZADO ORTOPÉDICO NIÑOS;Ortopedia y Movilidad
122002;CALZADO ORTOPÉDICO ADULTOS;Ortopedia y Movilidad
122101;COMPRAS - PLANTILLAS ORTOPEDICAS;Ortopedia y Movilidad
122300;TUTOR EXTERNO;Ortopedia y Movilidad
122312;TUTOR EXTERNO FIJACION MUNECA;Ortopedia y Movilidad
122314;TUTOR EXTERNO Y DESCARTABLES;Ortopedia y Movilidad
122402;RODILLERAS STD. C/SOP.ROTUL U VELC REF;Ortopedia y Movilidad
122403;RODILLERAS STD.C/BARRAS LAT. ALUM.REF.;Ortopedia y Movilidad
122410;COMPRAS - RODILLERA DE NEOPRENE;Ortopedia y Movilidad
122415;COMPRAS - INMOVILIZADOR DE RODILLA;Ortopedia y Movilidad
122500;REPARACION PROT.AMPUTACION;Ortopedia y Movilidad
122700;FERULA DE MOVIM. PASIVO TIPO TORONTO;Ortopedia y Movilidad
122800;FERULA MIEMBROS SUPERIORES;Ortopedia y Movilidad
122801;FERULA MIEMBROS INFERIORES;Ortopedia y Movilidad
122910;COMPRAS - MU±EQUERA NEOPRENE;Ortopedia y Movilidad
123000;MATERIAL P/INJERTO OSEO;Ortopedia y Movilidad
123310;COMPRAS - CABESTRILLO;Ortopedia y Movilidad
123312;COMPRAS - CABESTRILLO DE VIETNAM;Ortopedia y Movilidad
123600;CLAVO ENDOMEDULAR;Osteosíntesis
123607;CLAVO ENDOMEDULAR Y DESCARTABLES;Osteosíntesis
123608;ENDOBUTTON TITANIO-TITANIO NAC;Osteosíntesis
123609;ENDOBUTTON TITANIO-TITANIO IMP;Osteosíntesis
123611;ENDOBUTTON PEEK-PEEK IMP;Osteosíntesis
123612;ENDOBUTTON HIBRIDO NACIONAL;Osteosíntesis
123613;ENDOBUTTON HIBRIDO IMPORTADO;Osteosíntesis
123614;ENDOBUTTON DE ASA HIZABLE NAC;Osteosíntesis
123615;ENDOBUTTON DE ASA HIZABLE IMP;Osteosíntesis
123616;CANULAS ARTROSCOPIA DE CADERA NAC;Osteosíntesis
123617;CANULAS ARTROSCOPIA DE CADERA IMP;Osteosíntesis
123618;FIJ DINAM CORTICAL P/ACROMIO CLAVIC N;Osteosíntesis
123619;FIJ DINAM CORTICAL P/ACROMIO CLAVIC I;Osteosíntesis
123620;FIJ DINAM CORTICAL P/SINDESMOSIS NAC;Osteosíntesis
123621;FIJ DINAM CORTICAL P/SINDESMOSIS IMP;Osteosíntesis
123710;COMPRAS - CINTURON PELVICO;Ortopedia y Movilidad
123901;ARPONES P/MANG. ROT. HOMBRO C/SET MED;Osteosíntesis
124000;ORTESIS TERMOPLASTICAS;Ortopedia y Movilidad
124107;GRAMPAS;Osteosíntesis
124108;SET DE SUTURA MENISCAL (2) NAC;Osteosíntesis
124109;SET DE SUTURA MENISCAL (2) IMP;Osteosíntesis
124300;CONO DE ENCHUFE A PROTESIS DE AMPUTAC.;Ortopedia y Movilidad
124500;ROPA COMPRESIVA PARA QUEMADOS;Ortopedia y Movilidad
124601;MINI PLACA P/FRACT.MAXILOFAC C/TORN AL.;Osteosíntesis
124607;CLAVO ENDOMEDULAR DE TIBIA FORRADO EN ANTIBIOTICOS;Osteosíntesis
124900;CLAVIJAS DE KIRSCHNER;Osteosíntesis
125002;EXTRACTOR DE PROTESIS (ALQUILER);Prótesis
125200;ESPACIADOR PARA PROTESIS;Prótesis
125500;SET DE MOSAICOPLASTIA DE TOBILLO;Prótesis
126001;PROTESIS PARC. CADERA THOMPSON CEMENT N;Prótesis
126002;PROTESIS PARCIAL CADERA BIPOL CEMENT N;Prótesis
126003;PROTESIS TOTAL CADERA CEMENT. NACIONAL;Prótesis
126004;PROTESIS TOTAL CADERA CEMENT. IMPORTADA;Prótesis
126005;PROT TOT CAD CEMENT COTILO AUTORET NAC;Prótesis
126006;PROT TOT CAD CEMENT COTILO AUTORET IMPO;Prótesis
126007;PROTESIS TOTAL CADERA HIBRIDA NACIONAL;Prótesis
126008;PROTESIS TOTAL CADERA HIBRIDA IMPORTADA;Prótesis
126009;PROTESIS TOT CADERA NO CEMENTADA IMPORT;Prótesis
126011;PROTESIS TOTAL CADERA REVISION CEMENTADO (CABEZA;Prótesis
126012;PROTESIS TOT CADERA DE REV CEMENT IMP.;Prótesis
126013;PROTESIS TOT CADERA DE REV HIBRIDA IMP.;Prótesis
126014;PROTESIS TOT CADERA REV NO CEMENT IMP;Prótesis
126019;PROTESIS TOT RODILLA IMPORTADA MODULAR;Prótesis
126021;PROT TOT RODILLA REV NAC C/VAST FEM/TIB;Prótesis
126023;PROT TOT RODILLA REV IMP C/VAST FEM/TIB;Prótesis
126024;PROTESIS TOTAL INVERTIDA DE HOMBRO CEMENTADA;Prótesis
126026;CUNAS P/PROTESIS DE REVISION DE RODILLA;Prótesis
126027;PROTESIS PARCIAL HOMBRO CEMENTADA NACIO;Prótesis
126028;PROTESIS PARCIAL HOMBRO CEMENTADA IMPOR;Prótesis
126029;PROTESIS TOTAL DE HOMBRO NACIONAL;Prótesis
126030;PROTESIS TOTAL DE HOMBRO IMPORTADA;Prótesis
126031;PROTESIS CUPULA RADIAL CEMENTADA NACION;Prótesis
126033;MAT. INJERTO OSEO DE BANCO NAC;Prótesis
126034;PROTESIS PARCIAL CADERA BIPOLAR IMP;Prótesis
126035;PROTESIS TOT CADERA NO CEMENTADA NAC;Prótesis
126036;PR T.CAD.NO CEM MET MET/ CER CERAM NAC;Prótesis
126037;PRT.CAD.NO CEM MET MET/ CER CERAM IMP;Prótesis
126039;PROTESIS TOTAL CADERA REVISION HIBRIDO;Prótesis
126041;PROTESIS TOT RODILLA NACIONAL MODULAR;Prótesis
126042;PROT TOT ROD NAC C/1 VAST Y 1 CU?A REV;Prótesis
126043;PROT TOT ROD IMP C/1 VAST Y 1 CU?A REV;Prótesis
126044;PROTESIS TOTAL DE RODILLA DE RESECCION TUMORAL;Prótesis
126045;PROTESIS TOTAL INVERTIDO DE HOMBRO IMP;Prótesis
126049;PROT UNINOMPARTIMENTAL BASE METAL IMP;Prótesis
126051;PROT UNINOMPARTIMENTAL BASE POLIET.IMP;Prótesis
126052;PROTESIS TOTAL DE TOBILLO IMPORTADA;Prótesis
126053;PROT TOT CAD CEMENT.TIPO MONOBLOCK NAC;Prótesis
126057;PROT CAD P/RESECCION TUMORAL PARC. NAC;Prótesis
126058;PROT CAD P/RESECCION TUMORAL PARC. IMP;Prótesis
126059;PROT CAD P/RESEC TUMORAL FEMUR TOT.NAC;Prótesis
126060;PROT CAD P/RESEC TUMORAL FEMUR TOT.IMP;Prótesis
126062;PROT TOT ROD MODULAR PLATILLO MOVIL IMP;Prótesis
126063;PROT TOT ROD MODU NAC C/VAST FEM Y TIB;Prótesis
126064;PROT TOT ROD MODU IMP C/VAST FEM Y TIB;Prótesis
126065;PROT T ROD MOD C/VAST-CUNA REV ROT NAC;Prótesis
126066;PROT T ROD MOD C/VAST-CUNA REV ROT IMP;Prótesis
126068;PROT PAR RODILLA PATELO FEMORAL IMP;Prótesis
126069;PROTESIS PARCIAL DE CADERA BIPOLAR CON TALLO FEMO;Prótesis
126070;PROTESIS TOTAL CADERA CEMENTADA CON COTILO DOBLE M;Prótesis
126071;PROTESIS TOTAL CADERA CEMENTADA CON COTILO DOBLE M;Prótesis
126072;PROTESIS TOTAL CADERA HIBRIDO CON COTILO DOBLE MOV;Prótesis
126073;PROTESIS TOTAL CADERA HIBRIDO CON COTILO DOBLE MOV;Prótesis
126074;PROTESIS TOTAL CADERA HIBRIDO CON COTILO RETENTIVO;Prótesis
126075;PROTESIS TOTAL CADERA HIBRIDO CON COTILO RETENTIVO;Prótesis
126076;PROTESIS TOTAL CADERA NO CEMENTADA COTILO DOBLE MO;Prótesis
126077;PROTESIS TOTAL CADERA NO CEMENTADA COTILO DOBLE MO;Prótesis
126078;PROTESIS TOTAL CADERA NO CEMENTADA COTILO RETENTIV;Prótesis
126079;PROTESIS TOTAL CADERA NO CEMENTADA MINI HIP (CABEZ;Prótesis
126080;PROTESIS TOTAL CADERA REVISION HIBRIDO COTILO DOBL;Prótesis
126081;PROTESIS TOTAL CADERA REVISION HIBRIDO COTILO DOBL;Prótesis
126082;PROTESIS TOTAL CADERA REVISION NO CEMENTADA COTILO;Prótesis
126083;PROTESIS TOTAL DE RODILLA ALL POLY;Prótesis
126084;PROTESIS TOTAL DE RODILLA ALL POLY;Prótesis
126085;TALLO NO CEMENTADO DE FIJACION DISTAL;Prótesis
126086;SET DE DESCEMENTACION Y EXTRACCIÓN DE PRÓTESIS;Prótesis
126087;COTILO DOBLE MOVILIDAD CEMENTADO NAC;Prótesis
126088;COTILO DOBLE MOVILIDAD CEMENTADO IMP;Prótesis
126089;COTILO DOBLE MOVILIDAD NO CEMENTADO NAC;Prótesis
126090;COTILO DOBLE MOVILIDAD NO CEMENTADO IMP;Prótesis
126091;COTILO RETENTIVO NO CEMENTADO NAC;Prótesis
126092;COTILO RETENTIVO NO CEMENTADO IMP;Prótesis
126093;TALLO NO CEMENTADO DE FIJACIÓN DISTAL IMP;Prótesis
126094;PROTESIS ABISAGRADA PRIMARIA NAC;Prótesis
126095;PROTESIS ABISAGRADA PRIMARIA IMP;Prótesis
126096;DOSIS DE CEMENTO SIN ATB;Prótesis
126097;DOSIS DE CEMENTO CON ATB;Prótesis
126501;OSTEOSINTESIS PARA PEQ FRAGMENTOS NAC;Osteosíntesis
126503;PLACA TORNILLO DESLIZANTE TIPO DHS NAC;Osteosíntesis
126504;CLAVOS PLACA TIPO MULLER NAC;Osteosíntesis
126505;PLACA TIPO PUDU P/OSTEOTOMIAS TIBIA NAC;Osteosíntesis
126506;PLACA MAXILO-FACIAL NAC;Osteosíntesis
126507;ALAMBRE QUIRURGICO NAC;Osteosíntesis
126508;CLAVOS STEIMANN CUALQ.DIAM/LARGO NAC;Osteosíntesis
126509;CLAVOS KIRSCHNER CUALQ.DIAM/LGO NAC;Osteosíntesis
126510;GRAMPAS ACERO INOX CUALQ.MEDIDA NAC;Osteosíntesis
126511;GRAMPAS DE TITANIO CUALQ MEDIDA NAC;Osteosíntesis
126513;MALLAS DE RECONSTRUCCION DE TITANIO;Osteosíntesis
126516;TORNILLOS SCHANTZ P/TUTORES NAC;Osteosíntesis
126517;PLACA T DOBLE ACOD.C/TOR.TIBIAL NAC;Osteosíntesis
126520;PLACA 1/3 DE TUBO 3,5 MM C/TORN NAC;Osteosíntesis
126521;PLACA DCP 3,5 MM CON TORNILLOS NAC;Osteosíntesis
126522;PLACA DCP 4,5 MM CON TORNILLOS NAC;Osteosíntesis
126523;PLACA P/EXTR DISTAL DE RADIO EN T NAC;Osteosíntesis
126524;PLACA P/EXT DISTAL RADIO BLOQ EN T NAC;Osteosíntesis
126525;PLACA P/EXTR PROXIMAL HUMERO N/BLO NAC;Osteosíntesis
126527;PLACA RECONST 3,5 MM C/TORN NAC;Osteosíntesis
126528;PLACA RECONST 3,5 MM BLOQ C/TORN NAC;Osteosíntesis
126530;PLACA RECONST 4,5 MM BLOQ C/TORN NAC;Osteosíntesis
126531;PLACA BLOQ P/EXTREMO DISTAL FEMUR NAC;Osteosíntesis
126532;PLACA PARA RECONST DE CALCANEO NAC;Osteosíntesis
126533;TORNILLOS CORTICALES DE 3,5 MM/ARAND N;Osteosíntesis
126534;TORNILLOS CORTICALES DE 4,5 MM/ARAND N;Osteosíntesis
126536;TORNILLOS DE ESPONJOSA 6,5 MM Y ARAND N;Osteosíntesis
126537;TORNILLOS MALEOLARES Y ARAND NAC;Osteosíntesis
126538;TORNILLOS CANULADOS TIPO HERBERT NAC;Osteosíntesis
126539;TORNILLOS CANULADOS DE 7 MM NAC;Osteosíntesis
126540;TORNILLOS CANULADOS DE 4,5 MM NAC;Osteosíntesis
126543;PLACA TORNILLO DESLIZANTE DHS IMPORTADA;Osteosíntesis
126548;MAT. P/COL FIJ.V ANT.TIT 2N.CERV.NAC;Neurología
126555;MAT. INTERSOMATICO COLUMNA CELDAS X 2;Neurología
126557;ANILLOS BURT-SCHNEIDER NAC;Prótesis
126564;CLAVOS PLACA TIPO MULLER IMP;Osteosíntesis
126566;ESPAC.CEMENT. P/CADERA C/GENTAMIC.NAC;Prótesis
126567;ESPAC.CEMENT. P/CADERA C/GENTAMIC.IMP;Prótesis
126570;ESPAC.CEMENT.P/CAD.DE ARM.INTRAQUIR.NAC;Prótesis
126572;ESPAC.CEMENT.P/ROD.PREFOR.C/GENTAM.NAC;Prótesis
126573;ESPAC.CEMENT.P/ROD.PREFOR.C/GENTAM.IMP;Prótesis
126574;ESPAC.CEMENT.P/ROD.PREFOR.C/TOBRAM.NAC;Prótesis
126576;ESPAC.CEMENT.P/ROD.D/ARM.INTRAQUIR.NAC;Prótesis
126578;ESPAC.CEMENT.P/HOMB.PREFOR.C/GENTAM.NAC;Prótesis
126585;GRAMPAS DE TITANIO IMP;Prótesis
126586;MALLA TIT.MAXILOFACIAL(P/ORB O SIM).NAC;Osteosíntesis
126587;MALLA TIT.MAXILOFACIAL(P/ORB O SIM).IMP;Osteosíntesis
126591;PLACA TORNILLO DESLIZANTE DHS MAS DE 10 ORIFICIOS;Osteosíntesis
126600;MAT. P/COL FIJ.V ANT.TIT CERV.IMP;Neurología
126601;MAT. P/COL FIJ.V ANT.TIT 3N.CERV.NAC;Neurología
126602;MAT. P/COL FIJ.V ANT.TIT 3N.CERV.IMP;Neurología
126610;MAT.P/COL FIJ.V ANT TIT.4 NIV CERV.NAC;Neurología
126611;MAT.P/COL FIJ.V ANT TIT.4 NIV CERV.IMP;Neurología
126614;MAT.P/COL FIJ.V POST.C/TIT OCC-CERV.NAC;Neurología
126615;MAT.P/COL FIJ.V POST.C/TIT OCC-CERV.IMP;Neurología
126655;MAT.P/COL P/ VERTEBROPLASTIA IMP.;Neurología
126657;MAT.P/COL EST.DIN.V POST.ELASTOM/PEEK.I;Neurología
126658;MICROTORNILLOS CANUL. TIPO HERBERT NAC;Osteosíntesis
126659;MICROTORNILLOS CANUL. TIPO HERBERT IMP;Osteosíntesis
126661;OSTEOSINTESIS PARA PEQ FRAGMENTOS IMP;Osteosíntesis
126662;OSTEOSINTESIS PARA PEQ FRAG BLOQ NAC;Osteosíntesis
126664;PLACA TORNILLO DESLIZANTE TIPO DHS IMP;Osteosíntesis
126665;PLACA TIPO PUDU OSTEOTOMIAS TIBIA IMP;Osteosíntesis
126666;PLACA T.PUDU OSTEOT VARIZANTE FEMO.NAC;Osteosíntesis
126667;PLACA T.PUDU OSTEOT VARIZANTE FEMO.IMP;Osteosíntesis
126669;PLACA T DOBLE ACOD.C/TOR.TIBIAL BLOQ. N;Osteosíntesis
126676;PLACA DCP 3,5 MM C/TORNILLOS IMP;Osteosíntesis
126677;PLACA DCP 3,5 MM C/TORNILLOS BLOQ NAC;Osteosíntesis
126678;PLACA DCP 3,5 MM C/TORNILLOS BLOQ IMP;Osteosíntesis
126680;PLACA DCP 4,5 MM C/TORNILLOS BLOQ NAC;Osteosíntesis
126681;PLACA DCP 4,5 MM C/TORNILLOS BLOQ IMP;Osteosíntesis
126683;PLACA P/EXT DISTAL RADIO BLOQ EN T IMP;Osteosíntesis
126684;PLACA P/EXTR PROXIMAL HUMERO N/BLO IMP;Osteosíntesis
126687;PLACA RECONST 3,5 MM BLOQ C/TORN IMP;Osteosíntesis
126689;PLACA RECONST 4,5 MM BLOQ C/TORN IMP;Osteosíntesis
126690;PLACA BLOQ P/EXTREMO DISTAL FEMUR IMP;Osteosíntesis
126691;PLACA PARA RECONST DE CALCANEO IMP;Osteosíntesis
126692;TORNILLOS SCHANTZ P/TUTORES IMP;Osteosíntesis
126693;TORNILLOS CORTICALES DE 3,5 MM/ARAND I;Osteosíntesis
126694;TORNILLOS CORTICALES DE 4,5 MM/ARAND I;Osteosíntesis
126695;TORNILLOS DE ESPONJOSA DE 4 MM/ARAND N;Osteosíntesis
126696;TORNILLOS DE ESPONJOSA DE 4 MM/ARAND I;Osteosíntesis
126697;TORNILLOS DE ESPONJOSA 6,5 MM Y ARAND I;Osteosíntesis
126698;TORNILLOS MALEOLARES Y ARAND IMP;Osteosíntesis
126699;TORNILLOS CANULADOS TIPO HERBERT IMP;Osteosíntesis
126700;TORNILLOS CANULADOS DE 4,5 MM IMP;Osteosíntesis
126701;TORNILLOS CANULADOS DE 6,5 MM NAC;Osteosíntesis
126702;TORNILLOS CANULADOS DE 6,5 MM IMP;Osteosíntesis
126703;TORNILLOS CANULADOS DE 7 MM IMP;Osteosíntesis
126704;TORN INTERF P/LIG CRUZ ANT TITANIO NAC;Osteosíntesis
126705;TORN INTERF P/LIG CRUZ ANT TITANIO IMP;Osteosíntesis
126706;TORN INTERF P/LIG CRUZ ANT R. ROMA NAC;Osteosíntesis
126707;TORN INTERF P/LIG CRUZ ANT R. ROMA IMP;Osteosíntesis
126709;TORN INTERF P/LIG CRUZ ANT BIODEGRA I.;Osteosíntesis
126710;CLAVO DE NANCY TITANIO Y ACERO NAC;Osteosíntesis
126711;CLAVO DE NANCY TITANIO Y ACERO IMP;Osteosíntesis
126712;CLAVO PLACA DE CADERA PEDIATRICA NAC;Osteosíntesis
126713;CLAVO PLACA DE CADERA PEDIATRICA IMP;Osteosíntesis
126714;TORNILLOS SCHANTZC/HIDROXIOPATITA IMP;Osteosíntesis
126715;SET PLACA MAXILOFAC 1,5/2MM TIT.(2)NAC;Osteosíntesis
126716;SET PLACA MAXILOFAC 1,5/2MM TIT.(2)IMP;Osteosíntesis
126717;SET PLACA MAXILOFAC 1,5/2MM TIT.BL(2)NA;Osteosíntesis
126718;SET PLACA MAXILOFAC 1,5/2MM TIT.BL(2)IM;Osteosíntesis
126727;PLACA PARA ARTRODESIS DE MUNECA NAC;Osteosíntesis
126728;PLACA PARA ARTRODESIS DE MUNECA IMP;Osteosíntesis
126729;CLAVO DE ENDERS;Osteosíntesis
126730;PLACA ANAT PERILOCK P/EXT PROX TIBIA N;Osteosíntesis
126731;PLACA ANAT PERILOCK P/EXT PROX TIBIA I;Osteosíntesis
126732;PLACA ANAT PERILOCK P/EXT DIST TIBIA N;Osteosíntesis
126733;PLACA ANATÓMICA BLOQUEADA PARA HUMERO DISTAL IMPOR;Osteosíntesis
126734;PLACA ANAT PERILOCK P/EXT PROX FEMUR N;Osteosíntesis
126735;PLACA ANAT PERILOCK P/EXT PROX FEMUR I;Osteosíntesis
126736;PLACA ANAT BLOQ PARA CLAVICULA N;Osteosíntesis
126737;PLACA ANAT BLOQ PARA CLAVICULA I;Osteosíntesis
126738;PLACA ANATÓMICA BLOQUEADA PARA HUMERO DISTAL NAC.;Osteosíntesis
126739;PLACA ANAT BLOQ P/HUMERO DISTAL I;Osteosíntesis
126740;PLACA ANAT P/TROCANTE MAY T/ACCORD N;Osteosíntesis
126741;PLACA ANAT P/TROCANTE MAY T/ACCORD I;Osteosíntesis
126742;PLACA ANAT T/COMPACT FOOT RECTA/X N;Osteosíntesis
126743;PLACA ANAT T/COMPACT FOOT RECTA/X I;Osteosíntesis
126744;PLACA 1/3 TUBO BLOQUEADA;Osteosíntesis
126745;PLACA 1/3 DE TUBO 3,5 MM C/TORN BLOQ I;Osteosíntesis
126746;TORNILLO TIPO TWIST OFF NAC;Osteosíntesis
126747;TORNILLO TIPO TWIST OFF IMP;Osteosíntesis
126748;TORNILLO TIPO BAROUK NAC;Osteosíntesis
126749;TORNILLO TIPO BAROUK IMP;Osteosíntesis
126750;TORNILLO TIPO CALCANEO STOP NAC;Osteosíntesis
126751;TORNILLO TIPO CALCANEO STOP IMP;Osteosíntesis
126752;ESPAC.CEMENT P/CAD C/GENTAM.C/T REV N;Prótesis
126753;ESPAC.CEMENT P/CAD C/GENTAM.C/T REV I;Prótesis
126755;ESPAC.CEMENT P/CAD C/TOBRAMI.C/T REV I;Prótesis
126756;MAT. P/COL V POST. ADULTO 1N NAC;Neurología
126757;MAT. P/COL V POST. ADULTO 1N IMP;Neurología
126758;MAT. P/COL V POST. PEDIATRICA 1N NAC;Neurología
126759;MAT. P/COL V POST. PEDIATRICA 1N IMP;Neurología
126760;MAT.P/COL FIJ.V POST.CERV(2PLACAS) NAC;Neurología
126761;SET PLACA MAXILOFAC 2,5 TIT. (2) NAC;Osteosíntesis
126762;SET PLACA MAXILOFAC 2,5 TIT. (2) IMP;Osteosíntesis
126763;SET PLACA MAXILOFAC 2,5 TIT.BL (2) NAC;Osteosíntesis
126764;SET PLACA MAXILOFAC 2,5 TIT.BL (2) IMP;Osteosíntesis
126765;MAT.P/COL FIJ.V POST.CERV(2PLACAS) IMP;Neurología
126766;MICROTORNILLO MACIZO DE PARA CORTICAL DE 1,5 A 2,7;Osteosíntesis
126767;MICROTORNILLO MACIZO DE PARA CORTICAL DE 1,5 A 2,7;Osteosíntesis
126768;OSTEOSINTESIS MICROFRAGMENTOS BLOQUEADO DE 1,2;Osteosíntesis
126769;OSTEOSINTESIS MICROFRAGMENTOS BLOQUEADO DE 1,2;Osteosíntesis
126770;PLACA ANATOMICA BLOQUEADA PARA OLECRANON;Osteosíntesis
126771;PLACA ANATOMICA BLOQUEADA PARA OLECRANON;Osteosíntesis
126772;MICRO GRAMPA DE TITANIO;Osteosíntesis
126773;MICRO GRAMPA DE TITANIO;Osteosíntesis
126774;PLACA DE ANGULO VARIABLE BLOQUEADA PEDIATRICA;Osteosíntesis
126775;PLACA DE ANGULO VARIABLE BLOQUEADA PEDIATRICA;Osteosíntesis
126776;PLACA CABLE BLOQUEADA CON TORNILLO DIVERGENTE CON;Osteosíntesis
126777;PLACA CABLE BLOQUEADA CON TORNILLO DIVERGENTE CON;Osteosíntesis
126778;TUTOR ORTHOFIX PARA FRACTURA DE HUMERO TIBIA O FEM;Osteosíntesis
126779;TORNILLO INTERFERENCIAL PARA LCA EN PEEK IMP;Osteosíntesis
126780;MICROTORNILLO TIPO HERLBERT MAYOR A 4 MM PARA MANO;Osteosíntesis
126781;MATERIAL COLUMNA CERVICAL VÍA POSTERIOR ADULT0 1N;Neurología
126783;TORNILLO INTERFERENCIAL PARA LCA EN PEEK NAC;Osteosíntesis
126784;MICROTORNILLO TIPO HEBERT 4MM PARA MANO;Osteosíntesis
126790;PLACA MAXILOFACIAL PARA MENTON CHIN PLATE;Osteosíntesis
126791;MEMBRANA DE COLAGENO;Sin clasificar
126792;PLACA PARA ARTRODESIS DE TOBILLO;Osteosíntesis
126793;PLACA DE RECONSTRUCCION 2,5 MAXILOFACIAL;Osteosíntesis
127000;TRAUMATOLOGIA - ARPONES;Osteosíntesis
127001;ARPONES P/TECNICA ARTROSCOPICA TIT NAC;Osteosíntesis
127002;ARPONES DE 3 MM EN TITANIO NAC;Osteosíntesis
127003;ARPONES DE 5 MM EN TITANIO NAC;Osteosíntesis
127004;ARPONES P/TECNICA ARTROSCOPICA TIT IMP;Osteosíntesis
127006;ARPONES P/TECNICA ARTROSCOP DEGRAD IMP;Osteosíntesis
127007;ARPONES DE 3 MM EN TITANIO IMP;Osteosíntesis
127008;ARPONES DE 5 MM EN TITANIO IMP;Osteosíntesis
127009;ARPONES DE 3 MM BIODEG ALTA RESIST NAC;Osteosíntesis
127010;ARPONES DE 3 MM BIODEG ALTA RESIST IMP;Osteosíntesis
127012;ARPONES DE 5 MM BIODEG ALTA RESIST IMP;Osteosíntesis
127015;ARPONES P/TEC ARTR PEEK 3,5 Y 5 MM NAC;Osteosíntesis
127016;ARPONES P/TEC ARTR PEEK 3,5 Y 5 MM IMP;Osteosíntesis
127017;ARPON DE 1.4 MM TITANIO (MANO-PIE) NACIONAL;Osteosíntesis
127018;ARPON DE 1.4 MM TITANIO (MANO-PIE) IMPORTADO;Osteosíntesis
127023;MICRO ARPON BIODEGRADABLE O SOLO SUTURA (MANO-PIE);Osteosíntesis
127024;ARPON MANO-PIE SOLO SUTURA NACIONAL;Osteosíntesis
127025;ARPON MANO-PIE SOLO SUTURA IMPORTADA;Osteosíntesis
127501;CLAVO ENDOMED ACERROJ HUM ANTEROGRAD N;Osteosíntesis
127502;CLAVO ENDOMED ACERROJ HUM RETROGRAD N.;Osteosíntesis
127503;CLAVO ENDOMED P/RECONS PROXIMAL HUM N.;Osteosíntesis
127504;CLAVO ENDOMED P/FEMUR TIPO GAMMA NAC;Osteosíntesis
127505;CLAVO ENDOMED ACERROJ P/FEM ANTEROGR N;Osteosíntesis
127506;CLAVO ENDOMED ACERROJ P/FEM RETROGR N;Osteosíntesis
127507;CLAVO ENDOMED ACERROJADO DE TIBIA NAC;Osteosíntesis
127508;CLAVO ENDOMED ACERROJ HUM ANTEROGRAD I;Osteosíntesis
127509;CLAVO ENDOMED ACERROJ HUM RETROGRAD I.;Osteosíntesis
127510;CLAVO ENDOMED P/RECONS PROXIMAL HUM I.;Osteosíntesis
127511;CLAVO ENDOMED P/FEMUR TIPO GAMMA IMP;Osteosíntesis
127512;CLAVO ENDOMED ACERROJ P/FEM ANTEROGR I;Osteosíntesis
127513;CLAVO ENDOMED ACERROJ P/FEM RETROGR I.;Osteosíntesis
127514;CLAVO ENDOMED ACERROJADO DE TIBIA IMP;Osteosíntesis
127519;CLAVO RETROG P/ARTRODESIS TOBILLO NAC;Osteosíntesis
127520;CLAVO RETROG P/ARTRODESIS TOBILLO IMP;Osteosíntesis
127521;SET DE PLACAS EN 8 (2) NAC;Osteosíntesis
127522;SET DE PLACAS EN 8 (2) IMP;Osteosíntesis
127601;SISTEMA FIJACION CORTICAL PARA LCA TITANIO NACIONA;Osteosíntesis
127602;SISTEMA FIJACION CORTICAL PARA LCA TITANIO IMP;Osteosíntesis
127604;SIST TRANSV P/LCA TIT FIJ CORT HIB NAC;Osteosíntesis
127606;CLAVO ENDOMEDULAR DE FEMUR FORRADO EN ANTIBIOTICOS;Osteosíntesis
127607;SISTEMA DE FIJACION TIPO XLIF;Osteosíntesis
127608;SISTEMA DE FIJACION TIPA ALIF;Osteosíntesis
127609;BOTON ALL INSIDE PEDIATRICO PARA LCA;Osteosíntesis
127610;SIST. LATARJET P/INESTABILIDAD HOMBRO CON TORNILLO;Osteosíntesis
127611;BOTON IZABLE PARA BICEPS DISTAL;Osteosíntesis
128007;TUT AO P/FRAC EXP GRAVES TRAT URG NAC.;Osteosíntesis
128008;TUTOR EXTERNO DE MUNECA NAC.;Osteosíntesis
128016;TUT AO P/FRAC EXP GRAVES TRAT URG IMP.;Osteosíntesis
128017;TUTOR EXTERNO DE MUNECA IMP.;Osteosíntesis
128018;TUT EXT ILIZAROV IMP;Osteosíntesis
128019;TUTOR DE RECONSTRUCCION FEMUR, TIBIA O HUMERO LRS;Osteosíntesis
128020;TUTOR DE RECONSTRUCCION FEMUR, TIBIA O HUMERO LRS;Osteosíntesis
177006;ARPONES P/TECN ARTROSCOPICA BIODEG IMP;Osteosíntesis
200618;CAPSULA ENDOSCOPICA;CX General
202500;STENT CUB.P/ ANEURISMA ARTERIAL PER. BALON EXPAND;Cardiología
240100;CATETERES;CX General
240200;BOMB.INFUSION PORTATIL;Diabetes
240201;RESERVORIOS P/BOMBA;Diabetes
240202;SET DE INFUSION P/ BOMBA;Diabetes
240204;BOMBAS PORT.INFUSION DE QUIMIO(ELAST);CX General
240300;BOMB.INFUSION IMPLANTADA;CX General
240400;FILTRO PARA GLOBULOS ROJOS;CX General
240401;FILTROS DESLEUCOCITADORES P/GLOBULOS RO;CX General
240402;FILTROS DESLEUCOCITADORES PARA PLAQUETAS;CX General
240500;AGUJAS PARA PUNCION BIOPSIA DE MEDILA OSEA;CX General
240501;AGUJAS PARA ASPIRACION DE MEDULA OSEA;CX General
270100;FILTROS P/HEMODIALISIS;CX General
270101;CATETERES P/DIALISIS DOBLE LUMEN;CX General
270102;CATETER DOBLE LUMEN P/HEMODIALISIS 12FR;CX General
270300;SET PARA NEFRACTOMIA PERCUTANEA;CX General
270301;SET NEFROSTOMIA F 12 COMP C/ BALON DIL;CX General
370000;MATERIAL DESCARTABLE;CX General
370001;APOSITO DE PROTECTOR AUTOADHESIVO TRANSPARENTE PAR;Enfermería
370100;AGUJAS DE PUNCION;CX General
370101;MATERIAL P/CURACION;Enfermería
370102;JERINGA DESCARTABLE 60 CC;Enfermería
370103;JERINGA DESCARTABLE TOOMEY;Enfermería
370106;SOLUCION SALINA ESTERIL AL 9% (SUERO FISIOLOGICO);Enfermería
370107;AGUJA DE BIOPSIA PARA ECO ENDOSCOPÍA DIGESTIVA;CX General
370111;APOSITO DE HIDROCOLOIDE (AUTOADHESIVO O NO) EN TOD;CX General
370112;APOSITO DE HIDROCOLOIDE TRANSPARENTE EN TODAS SUS;CX General
370113;APOSITO DE HIDROCOLOIDE CON ALGINATO DE CALCIO, CO;CX General
370114;HIDROCOLOIDE EN PASTA;CX General
370115;HIDROCOLOIDE EN POLVO;CX General
370121;APOSITO DE ALGINATO DE CALCIO EN TODAS SUS FORMAS;Enfermería
370122;APOSITO DE ALGINATO DE CALCIO Y PLATA EN TODAS SU;Enfermería
370123;ALGINATO DE CALCIO EN TIRAS O FILLER EN ROLLOS;CX General
370131;HIDROGEL, HIDROGEL ESTERIL, HIDROGEL ESTERIL SIN A;CX General
370141;APOSITO DE ESPUMA DE POLIURETANO (AUTOADHESIVO O N;Enfermería
370142;APOSITO DE ESPUMA DE POLIURETANO CON PLATA (NO ADH;Enfermería
370161;APOSITO HIDROPOLIMERICO (AUTOADHESIVO O NO) EN TO;Enfermería
370171;APOSITO DE CARBOXIMETILCELULOSA EN TODAS SUS FORM;Enfermería
370172;APOSITO DE CARBOXIMETILCELULOSA Y ALGINATO DE CALC;Enfermería
370181;SOLUCION POLIHEXANIDA Y UNDECILENAMIDOPROPIL BETAI;Enfermería
370191;ACIDOS GRASOS HIPEROXIGENADOS (A.G.H.O.) EN TODAS;Enfermería
370404;OXIMETRO DE PULSO;Oxigenoterapia
370406;MASCARA PARA SISTEMA DE VENTILACION NO INVASIVA;Oxigenoterapia
370407;VENTILADOR A PRESION POSITIVA;Oxigenoterapia
370409;NEBULIZADOR TIPO RAIN DROP;Oxigenoterapia
370410;JARRA P/HUMIFICADOR;Oxigenoterapia
370411;FILTRO /OXIGENOTERAPIA;Oxigenoterapia
370412;OXICAGNOGRAFO;Oxigenoterapia
370500;SUTURAS QUIRURGICAS;CX General
370700;AEROCAMARA;Oxigenoterapia
371200;RESUCITADOR MANUAL -AMBU.-;CX General
371202;CANULA NASAL P/OXIG.SILICONADA;Oxigenoterapia
380110;COMPRAS - CAMA ORTOPEDICA;Ortopedia y Movilidad
380111;COMPRAS - CAMA ORTOPEDICA CON BARANDA;Ortopedia y Movilidad
380112;COMPRAS - CAMA ORTOPEDICA CON BARANDA Y TRAPECIO;Ortopedia y Movilidad
380113;COMPRAS - CAMA ORTOPEDICA TRAPECIO;Ortopedia y Movilidad
380114;COMPRAS - CAMA ORTOPEDICA RESPALDO DESMONTABLE;Ortopedia y Movilidad
380120;STOCK - CAMA ORTOPEDICA;Ortopedia y Movilidad
380121;STOCK - CAMA ORTOPEDICA CON BARANDA;Ortopedia y Movilidad
380122;STOCK - CAMA ORTOPEDICA CON BARANDA Y TRAPECIO;Ortopedia y Movilidad
380123;STOCK - CAMA ORTOPEDICA TRAPECIO;Ortopedia y Movilidad
380124;STOCK - CAMA ORTOPEDICA RESPALDO DESMONTABLE;Ortopedia y Movilidad
380201;SILLON CON BASINILLA;Ortopedia y Movilidad
380204;SILLON DE PASEO P/NINO;Ortopedia y Movilidad
380206;REPARACION SILLON DE RUEDAS;Ortopedia y Movilidad
380210;COMPRAS - SILLON DE RUEDAS ESTANDAR;Ortopedia y Movilidad
380212;COMPRAS - SILLON PARA BANO;Ortopedia y Movilidad
380213;COMPRAS - SILLON DE RUEDAS ESTANDAR CON PERNERA;Ortopedia y Movilidad
380215;COMPRAS - SILLON DE RUEDAS JUNIOR;Ortopedia y Movilidad
380217;COMPRAS - SILLON DE RUEDAS JUNIOR CON PERNERA;Ortopedia y Movilidad
380220;STOCK - SILLON DE RUEDAS ESTANDAR;Ortopedia y Movilidad
380222;STOCK - SILLON PARA BANO;Ortopedia y Movilidad
380223;STOCK - SILLON DE RUEDAS ESTANDAR CON PERNERA;Ortopedia y Movilidad
380225;STOCK - SILLON DE RUEDAS JUNIOR;Ortopedia y Movilidad
380227;STOCK - SILLON DE RUEDAS JUNIOR CON PERNERA;Ortopedia y Movilidad
380250;SISTEMA DE VACÍO Y COMPACTACIÓN(SI.VA.CO.) O TPN;Ortopedia y Movilidad
380301;ANDADOR P/NINO C/RUEDAS;Ortopedia y Movilidad
380310;COMPRAS - ANDADOR CUADRUPLE;Ortopedia y Movilidad
380312;COMPRAS - ANDADOR PLEGABLE CON RUEDAS;Ortopedia y Movilidad
380313;COMPRAS - ANDADOR PLEGABLE;Ortopedia y Movilidad
380320;STOCK - ANDADOR CUADRUPLE;Ortopedia y Movilidad
380322;STOCK - ANDADOR PLEGABLE CON RUEDAS;Ortopedia y Movilidad
380323;STOCK - ANDADOR PLEGABLE;Ortopedia y Movilidad
380401;BASTON CANADIENSE PARA NIÑO;Ortopedia y Movilidad
380410;COMPRAS - BASTON CANADIENSE;Ortopedia y Movilidad
380420;STOCK - BASTON CANADIENSE;Ortopedia y Movilidad
380510;COMPRAS - BASTON TRIPODE;Ortopedia y Movilidad
380520;STOCK - BASTON TRIPODE;Ortopedia y Movilidad
380600;BASTONES;Ortopedia y Movilidad
380601;BASTON DE 4 PUNTOS;Ortopedia y Movilidad
380603;BASTON PIRAMIDAL;Ortopedia y Movilidad
380612;COMPRAS - BASTON DE UN PUNTO;Ortopedia y Movilidad
380614;COMPRAS - BASTON BLANCO;Ortopedia y Movilidad
380615;COMPRAS - BASTON VERDE;Ortopedia y Movilidad
380622;STOCK - BASTON DE UN PUNTO;Ortopedia y Movilidad
380710;COMPRAS - PAR DE MULETAS;Ortopedia y Movilidad
380720;STOCK - PAR DE MULETAS;Ortopedia y Movilidad
380800;SILLON PARA ENCEFALOPATIA;Ortopedia y Movilidad
380801;ADAPTADOR PARA SILLON P/ENCEFALOPATIA;Ortopedia y Movilidad
381010;COMPRAS - ALMOHADON ANTIESCARA CON GEL;Ortopedia y Movilidad
381101;SILLON REFORZADO STANDART;Ortopedia y Movilidad
381110;COMPRAS - SILLON DE RUEDAS PACIENTES MAS DE 100KG;Ortopedia y Movilidad
381200;SILLON DE RUEDAS ELECTRICO;Ortopedia y Movilidad
381201;REPARACION SILLON ELECTRICO;Ortopedia y Movilidad
381310;COMPRAS - ELEVADOR DE INODORO;Ortopedia y Movilidad
381311;COMPRAS - INODORO PORTATIL CON PATAS;Ortopedia y Movilidad
381402;COMPRAS ELEVADOR HIDRÁULICO PARA PACIENTES;Ortopedia y Movilidad
381403;STOCK ELEVADOR HIDRÁULICO PARA PACIENTES;Ortopedia y Movilidad
381404;BRAZO HIDRÁULICO PARA PILETAS;Ortopedia y Movilidad
381500;ANDADOR C/RUEDA;Ortopedia y Movilidad
381701;COLCHON ANTIESCARAS C/MOTOR SECUENCIAL;Ortopedia y Movilidad
381710;COMPRAS - COLCHON ANTIESCARAS CON COMPRESOR;Ortopedia y Movilidad
381810;COMPRAS - ARO ANTIESCARA;Ortopedia y Movilidad
381900;SILLON DE RUEDAS PARA BIAMPUTADOS;Ortopedia y Movilidad
390000;MEDICAMENTOS FUERA DE CONVENIO;Sin clasificar
391502;SENSOR FREE STYLE O SIMILAR;Diabetes
391503;LECTOR FREE STYLE;Diabetes
391504;SISTEMA FLASH DE MONITOREO CONTINUO DE GLUCOSA;Diabetes
391505;RECEPTOR PARA SISTEMA MONITOREO CONTINUO GLUCOSA;Diabetes
391506;SENSORES PARA SISTEMA MONITOREO CONTINUO GLUCOSA;Diabetes
391507;TRANSMISOR PARA SISTEMA MONITOREO CONTINUO GLUCOSA;Diabetes
391508;MICROINFUSORA DE INSULINA;Diabetes
391509;SENSORES PARA MICROINFUSORA DE INSULINA;Diabetes
391510;BASE DE BOMBA;Diabetes
391511;APLICADOR;Diabetes
391512;DESCARTABLES DE INSULINA;Diabetes
391600;SEMILLAS DE BRAQUITERAPIA;CX General
400000;DESCARTABLES;Sin clasificar
400100;ASPIRADOR (FIJO CON VASOS);Oxigenoterapia
400101;ASPIRADOR MANUAL (PISTOLA);Oxigenoterapia
400102;VASOS PARA ASPIRADOR;Oxigenoterapia
400103;ASPIRADOR PORTATIL A BATERIA;Oxigenoterapia
400200;COLCHON AIRE /AGUA;Ortopedia y Movilidad
400202;FILTROS PARA QUIMIOTERAPIA;CX General
400300;PIEL MEDICA;CX General
400400;BIPEDESTADOR;Ortopedia y Movilidad
400510;COMPRAS - TALONERA;Ortopedia y Movilidad
400511;COMPRAS - BOTA WALKER;Ortopedia y Movilidad
400600;ACCESORIO PARA ELEMENTOS MÉDICOS-PLUMAS O SILLONES;Ortopedia y Movilidad
430000;OXIGENOTERAPIA;Oxigenoterapia
435803;ALQUILER ASISTENTE PARA TOS - COUGH ASSIST;Oxigenoterapia
436300;MOD6.B LOC BPAP C/FREC DE BACK UP SFROS;Oxigenoterapia
500100;TRASLADO EN AMBULANCIA;Traslados
600000;BENEFICIOS DE EXCEPCION;Sin clasificar
600300;B.E.AUDIFONO;Audiología
600304;B.E.REPARACION IMPLANTE COCLEAR;Audiología
600305;B.E.IMPLANTE COCLEAR;Audiología
600404;PLUMA HIDRAULICA;Ortopedia y Movilidad
601220;B.E.CALZADO ORTOPEDICO;Ortopedia y Movilidad
603702;B.E.BOMBA DE PRESION NEGATIVA;CX General
603802;B.E.REPARACION SILLON DE RUEDAS ELECT;Ortopedia y Movilidad
730207;VALVULA DE HEIMLICH;CX General
740305;STENT TRAQUEAL;CX General
750012;PROTESIS PENEANAS;CX General
750023;SET DE CALIBRADORES VAGINALES;CX General
751300;PPROTESIS DE RECONSTRUCCION HEMIPELVICA;Prótesis
762003;ALAMBRE;Osteosíntesis
762049;TORNILLO BIOTENODESIS;Osteosíntesis
762119;PLACA OSTEOSINTESIS BIOABSORBIBLE DE 1,5 A 2;Osteosíntesis
762120;PLACA DE FIJACION DISTAL;Osteosíntesis
